COUNTRY,CATEGORY,MANUFACTURER,BRAND,SUB BRAND,BRAND_RN,SUB BRAND RN
UAE,TEA,Unilever,Brook Bond Red Label,,Brook Bond Red Label,
UAE,TEA,Unilever,Brook Bond Taaza,,OTHERS,
UAE,TEA,Unilever,Brook Bond Taj Mahal,,OTHERS,
UAE,TEA,Unilever,Lipton,,Lipton,
UAE,TEA,Unilever,Pg Tips,,OTHERS,
UAE,TEA,Unilever,Pukka,,OTHERS,
UAE,TEA,Unilever,Pure Leaf,,OTHERS,
UAE,DEODORANTS,Unilever,Axe,,Axe,
UAE,DEODORANTS,Unilever,Block & White,,OTHERS,
UAE,DEODORANTS,Unilever,Brut,,OTHERS,
UAE,DEODORANTS,Unilever,Camay,,OTHERS,
UAE,DEODORANTS,Unilever,Degree,,OTHERS,
UAE,DEODORANTS,Unilever,Dove,,Dove,
UAE,DEODORANTS,Unilever,Impulse,,OTHERS,
UAE,DEODORANTS,Unilever,Lux,,OTHERS,
UAE,DEODORANTS,Unilever,Prophecy,,OTHERS,
UAE,DEODORANTS,Unilever,Rexona,,Rexona,
UAE,DEODORANTS,Unilever,Suave,,OTHERS,
UAE,DEODORANTS,Unilever,Sure,,OTHERS,
UAE,DEODORANTS,Unilever,Vaseline,,OTHERS,
UAE,DEODORANTS,Unilever,Simple,,OTHERS,
UAE,HAND & BODY,Unilever,Block & White,,OTHERS,
UAE,HAND & BODY,Unilever,Dermalogica,,OTHERS,
UAE,HAND & BODY,Unilever,Dove,,Dove,
UAE,HAND & BODY,Unilever,Equilibra,,OTHERS,
UAE,HAND & BODY,Unilever,Indulekha,,OTHERS,
UAE,HAND & BODY,Unilever,Lakme,,OTHERS,
UAE,HAND & BODY,Unilever,Love Beauty And Planet,,Love Beauty And Planet,
UAE,HAND & BODY,Unilever,Ponds,,OTHERS,
UAE,HAND & BODY,Unilever,Seventh Generation,,OTHERS,
UAE,HAND & BODY,Unilever,St.ives,,St.ives,
UAE,HAND & BODY,Unilever,Suave,,OTHERS,
UAE,HAND & BODY,Unilever,Vaseline,,Vaseline,
KSA,SKIN CLEANSING,Unilever,Lifebuoy,,Lifebuoy,
KSA,SKIN CLEANSING,Unilever,Block & White,,OTHERS,
KSA,SKIN CLEANSING,Unilever,Camay,,Camay,
KSA,SKIN CLEANSING,Unilever,Caress,,OTHERS,
KSA,SKIN CLEANSING,Unilever,Dove,,Dove,
KSA,SKIN CLEANSING,Unilever,Hamam,,OTHERS,
KSA,SKIN CLEANSING,Unilever,Indulekha,,OTHERS,
KSA,SKIN CLEANSING,Unilever,Lux,,Lux,
KSA,SKIN CLEANSING,Unilever,Nubian Heritage,,OTHERS,
KSA,SKIN CLEANSING,Unilever,Pears,,Pears,
KSA,SKIN CLEANSING,Unilever,Rexona,,OTHERS,
KSA,SKIN CLEANSING,Unilever,Vaseline,,OTHERS,
KSA,SKIN CLEANSING,Unilever,Zest,,OTHERS,
KSA,SKIN CLEANSING,Unilever,Radox,,OTHERS,
KSA,SKIN CLEANSING,Unilever,Alberto V05,,OTHERS,
KSA,SKIN CLEANSING,Unilever,Axe,,Axe,
KSA,SKIN CLEANSING,Unilever,Love Beauty And Planet,,Love Beauty And Planet,
KSA,SKIN CLEANSING,Unilever,Simple,,OTHERS,
KSA,SKIN CLEANSING,Unilever,St.ives,,OTHERS,
KSA,SKIN CLEANSING,Unilever,Suave,,OTHERS,
Egypt,TOOTHPASTE(TP),Unilever,Close-up,,Close up,
Egypt,TOOTHPASTE(TP),Unilever,Pepsodent,,OTHERS,
Egypt,TOOTHPASTE(TP),Unilever,Signal,,Signal,
Algeria,FABRIC SOLUTIONS,Unilever,Omo,,Omo,
Algeria,FABRIC SOLUTIONS,Unilever,Persil,,OTHERS,
Algeria,FABRIC SOLUTIONS,Unilever,Skip,,OTHERS,
Algeria,FABRIC SOLUTIONS,Unilever,Surf,,OTHERS,
Morocco,FABRIC SOLUTIONS,Unilever,Omo,,Omo,
Morocco,FABRIC SOLUTIONS,Unilever,Skip,,OTHERS,
Morocco,FABRIC SOLUTIONS,Unilever,Persil,,OTHERS,
Morocco,FABRIC SOLUTIONS,Unilever,Surf,,OTHERS,
Morocco,FABRIC SOLUTIONS,Unilever,Zed,,OTHERS,
Egypt,SHAMPOOS(SH),Unilever,Alberto Vo5,,OTHERS,
Egypt,SHAMPOOS(SH),Unilever,Axe,,OTHERS,
Egypt,SHAMPOOS(SH),Unilever,Clear,,Clear,
Egypt,SHAMPOOS(SH),Unilever,Dove,,Dove,
Egypt,SHAMPOOS(SH),Unilever,Lifebuoy,,OTHERS,
Egypt,SHAMPOOS(SH),Unilever,Suave,,OTHERS,
Egypt,SHAMPOOS(SH),Unilever,Sunsilk,,Sunsilk,
Egypt,SHAMPOOS(SH),Unilever,Tresemme,,Tresemme,
Egypt,SHAMPOOS(SH),Unilever,Vaseline,,OTHERS,
KSA,TOTAL HOUSE HOLD CLEANERS,Unilever,Domestos,,OTHERS,
KSA,TOTAL HOUSE HOLD CLEANERS,Unilever,Cif,,Cif,
KSA,TOTAL HOUSE HOLD CLEANERS,Unilever,Jif,,Jif,
KSA,TOTAL HOUSE HOLD CLEANERS,Unilever,Domex,,OTHERS,
KSA,TOTAL HOUSE HOLD CLEANERS,Unilever,Vim,,OTHERS,
KSA,HAND & BODY,Unilever,Citra,,OTHERS,
KSA,HAND & BODY,Unilever,Dove,,Dove,
KSA,HAND & BODY,Unilever,Love Beauty And Planet,,Love Beauty And Planet,
KSA,HAND & BODY,Unilever,Rexona,,OTHERS,
KSA,HAND & BODY,Unilever,St.ives,,St.ives,
KSA,HAND & BODY,Unilever,Suave,,OTHERS,
KSA,HAND & BODY,Unilever,Vaseline,,Vaseline,
KSA,DEODORANTS,Unilever,Axe,,Axe,
KSA,DEODORANTS,Unilever,Brut,,OTHERS,
KSA,DEODORANTS,Unilever,Cachet,,OTHERS,
KSA,DEODORANTS,Unilever,Degree,,OTHERS,
KSA,DEODORANTS,Unilever,Dove,,Dove,
KSA,DEODORANTS,Unilever,Impulse,,OTHERS,
KSA,DEODORANTS,Unilever,Prophecy,,OTHERS,
KSA,DEODORANTS,Unilever,Rexona,,Rexona,
KSA,DEODORANTS,Unilever,Simple,,OTHERS,
KSA,DEODORANTS,Unilever,Suave,,OTHERS,
KSA,DEODORANTS,Unilever,Sure,,OTHERS,
Egypt,BOUILLON(BUN),Unilever,Knorr,,OTHERS,
Egypt,BOUILLON(BUN),Unilever,Knorr Fine Foods,,Knorr Fine Foods,
Egypt,BOUILLON(BUN),Unilever,Oxo,,OTHERS,
Jordan,BOUILLONS - FLAVOURINGS,Unilever,Knorr,,Knorr,
Egypt,TEA(TEA),Unilever,Lipton,,Lipton,
Egypt,TEA(TEA),Unilever,Pg Tips Pyramid,,OTHERS,
Egypt,TEA(TEA),Unilever,Red Label,,OTHERS,
UAE,TOTAL SKIN CLEANSING,Unilever,Lifebuoy,,Lifebuoy,
UAE,TOTAL SKIN CLEANSING,Unilever,Lux,,Lux,
UAE,TOTAL SKIN CLEANSING,Unilever,Dove,,Dove,
UAE,TOTAL SKIN CLEANSING,Unilever,Lever 2000,,OTHERS,
UAE,TOTAL SKIN CLEANSING,Unilever,Liril,,OTHERS,
UAE,TOTAL SKIN CLEANSING,Unilever,Pears,,Pears,
UAE,TOTAL SKIN CLEANSING,Unilever,Rexona,,OTHERS,
UAE,TOTAL SKIN CLEANSING,Unilever,Vaseline,,OTHERS,
UAE,TOTAL SKIN CLEANSING,Unilever,Vinolia,,OTHERS,
UAE,TOTAL SKIN CLEANSING,Unilever,Block & White,,OTHERS,
UAE,TOTAL SKIN CLEANSING,Unilever,Dr.kaufmann,,OTHERS,
UAE,TOTAL SKIN CLEANSING,Unilever,Camay,,Camay,
UAE,TOTAL SKIN CLEANSING,Unilever,Zest,,OTHERS,
UAE,TOTAL SKIN CLEANSING,Unilever,Brut,,OTHERS,
UAE,TOTAL SKIN CLEANSING,Unilever,Caress,,OTHERS,
UAE,TOTAL SKIN CLEANSING,Unilever,Hamam,,OTHERS,
UAE,TOTAL SKIN CLEANSING,Unilever,Indulekha,,OTHERS,
UAE,TOTAL SKIN CLEANSING,Unilever,Fair & Lovely,,OTHERS,
UAE,TOTAL SKIN CLEANSING,Unilever,Radox,,OTHERS,
UAE,TOTAL SKIN CLEANSING,Unilever,Seventh Generation,,OTHERS,
UAE,TOTAL SKIN CLEANSING,Unilever,Axe,,Axe,
UAE,TOTAL SKIN CLEANSING,Unilever,Lynx,,OTHERS,
UAE,TOTAL SKIN CLEANSING,Unilever,St.ives,,OTHERS,
UAE,TOTAL SKIN CLEANSING,Unilever,Suave,,OTHERS,
UAE,TOTAL SKIN CLEANSING,Unilever,Love Beauty And Planet,,Love Beauty And Planet,
KSA,FABRIC SENSATIONS,Unilever,Comfort,,Comfort,
KSA,FABRIC SENSATIONS,Unilever,Seventh Generation,,OTHERS,
Egypt,DEODORANTS(DEO),Unilever,Axe,,Axe,
Egypt,DEODORANTS(DEO),Unilever,Brut,,OTHERS,
Egypt,DEODORANTS(DEO),Unilever,Degree,,OTHERS,
Egypt,DEODORANTS(DEO),Unilever,Dove,,Dove,
Egypt,DEODORANTS(DEO),Unilever,Lux,,OTHERS,
Egypt,DEODORANTS(DEO),Unilever,Rexona,,Rexona,
Egypt,DEODORANTS(DEO),Unilever,Suave,,OTHERS,
Egypt,DEODORANTS(DEO),Unilever,Sure,,OTHERS,
Egypt,DEODORANTS(DEO),Unilever,Vaseline,,OTHERS,
UAE,TOTAL HOUSEHOLD CLEANERS,Unilever,Domestos,,OTHERS,
UAE,TOTAL HOUSEHOLD CLEANERS,Unilever,Cif,,Cif,
UAE,TOTAL HOUSEHOLD CLEANERS,Unilever,Jif,,Jif,
UAE,TOTAL HOUSEHOLD CLEANERS,Unilever,Seventh Generation,,OTHERS,
UAE,TOTAL HOUSEHOLD CLEANERS,Unilever,Vim,,OTHERS,
UAE,FACE CARE,Unilever,Axe,,OTHERS,
UAE,FACE CARE,Unilever,Block & White,,OTHERS,
UAE,FACE CARE,Unilever,Dermalogica,,OTHERS,
UAE,FACE CARE,Unilever,Dove,,Dove,
UAE,FACE CARE,Unilever,Equilibra,,OTHERS,
UAE,FACE CARE,Unilever,Eskinol,,OTHERS,
UAE,FACE CARE,Unilever,Fair & Lovely,,Fair & Lovely,
UAE,FACE CARE,Unilever,Indulekha,,OTHERS,
UAE,FACE CARE,Unilever,Lakme,,OTHERS,
UAE,FACE CARE,Unilever,Love Beauty And Planet,,Love Beauty And Planet,
UAE,FACE CARE,Unilever,Master,,OTHERS,
UAE,FACE CARE,Unilever,Pears,,OTHERS,
UAE,FACE CARE,Unilever,Ponds,,Ponds,
UAE,FACE CARE,Unilever,Simple,,OTHERS,
UAE,FACE CARE,Unilever,St.ives,,St.ives,
UAE,FACE CARE,Unilever,Vaseline,,OTHERS,
Morocco,SHAMPOOS,Unilever,Alberto Vo5,,OTHERS,
Morocco,SHAMPOOS,Unilever,Axe,,OTHERS,
Morocco,SHAMPOOS,Unilever,Clear,,Clear,
Morocco,SHAMPOOS,Unilever,Dove,,Dove,
Morocco,SHAMPOOS,Unilever,Sunlight,,OTHERS,
Morocco,SHAMPOOS,Unilever,Sunsilk,,Sunsilk,
Morocco,SHAMPOOS,Unilever,Timotei,,OTHERS,
Morocco,SHAMPOOS,Unilever,Tresemme,,Tresemme,
Lebanon,TEA,Unilever,Elephant,,OTHERS,
Lebanon,TEA,Unilever,Lipton,,Lipton,
Lebanon,TEA,Unilever,Pg Tips,,OTHERS,
Lebanon,TEA,Unilever,Pukka,,OTHERS,
Egypt,TOTAL TOILET SOAP & SHOWER GEL,Unilever,Camay,,Camay,
Egypt,TOTAL TOILET SOAP & SHOWER GEL,Unilever,Dove,,Dove,
Egypt,TOTAL TOILET SOAP & SHOWER GEL,Unilever,Good Morning,,Good Morning,
Egypt,TOTAL TOILET SOAP & SHOWER GEL,Unilever,Lifebuoy,,Lifebuoy,
Egypt,TOTAL TOILET SOAP & SHOWER GEL,Unilever,Lux,,Lux,
Egypt,TOTAL TOILET SOAP & SHOWER GEL,Unilever,Mist,,OTHERS,
Egypt,TOTAL TOILET SOAP & SHOWER GEL,Unilever,Pears,,Pears,
Egypt,TOTAL TOILET SOAP & SHOWER GEL,Unilever,Sunlight,,OTHERS,
Egypt,TOTAL TOILET SOAP & SHOWER GEL,Unilever,Vaseline,,OTHERS,
Egypt,TOTAL TOILET SOAP & SHOWER GEL,Unilever,Zest,,OTHERS,
Egypt,TOTAL TOILET SOAP & SHOWER GEL,Unilever,Axe,,Axe,
Egypt,TOTAL TOILET SOAP & SHOWER GEL,Unilever,St.ives,,OTHERS,
UAE,FABRIC SENSATIONS,Unilever,Comfort,,Comfort,
UAE,FABRIC SENSATIONS,Unilever,Snuggle,,OTHERS,
UAE,FABRIC SENSATIONS,Unilever,Seventh Generation,,OTHERS,
UAE,TOTAL HAIR CARE,Unilever,Alberto Vo5,,OTHERS,
UAE,TOTAL HAIR CARE,Unilever,Apothecare Essentials,,OTHERS,
UAE,TOTAL HAIR CARE,Unilever,Brylcreem,,OTHERS,
UAE,TOTAL HAIR CARE,Unilever,Clear,,Clear,
UAE,TOTAL HAIR CARE,Unilever,Clinic All Clear,,OTHERS,
UAE,TOTAL HAIR CARE,Unilever,Clinic Plus,,OTHERS,
UAE,TOTAL HAIR CARE,Unilever,Cream Silk,,Cream Silk,
UAE,TOTAL HAIR CARE,Unilever,Dove,,Dove,
UAE,TOTAL HAIR CARE,Unilever,Equilibra,,OTHERS,
UAE,TOTAL HAIR CARE,Unilever,Indulekha,,OTHERS,
UAE,TOTAL HAIR CARE,Unilever,Love Beauty And Planet,,Love Beauty And Planet,
UAE,TOTAL HAIR CARE,Unilever,Nexxus,,OTHERS,
UAE,TOTAL HAIR CARE,Unilever,Suave,,OTHERS,
UAE,TOTAL HAIR CARE,Unilever,Sunsilk,,Sunsilk,
UAE,TOTAL HAIR CARE,Unilever,Tcb,,OTHERS,
UAE,TOTAL HAIR CARE,Unilever,Timotei,,OTHERS,
UAE,TOTAL HAIR CARE,Unilever,Toni&guy,,OTHERS,
UAE,TOTAL HAIR CARE,Unilever,Tresemme,,Tresemme,
UAE,TOTAL HAIR CARE,Unilever,Vaseline,,Vaseline,
UAE,TOTAL HAIR CARE,Unilever,Axe,,OTHERS,
UAE,TOTAL HAIR CARE,Unilever,Dermalogica,,OTHERS,
UAE,TOTAL HAIR CARE,Unilever,Lifebuoy,,OTHERS,
UAE,TOTAL HAIR CARE,Unilever,Organics,,OTHERS,
UAE,TOTAL HAIR CARE,Unilever,Pure Line,,OTHERS,
KSA,HAIR CARE,Unilever,Alberto,,OTHERS,
KSA,HAIR CARE,Unilever,Alberto V05,,OTHERS,
KSA,HAIR CARE,Unilever,Brylcreem,,OTHERS,
KSA,HAIR CARE,Unilever,Clear,,Clear,
KSA,HAIR CARE,Unilever,Cream Silk,,Cream Silk,
KSA,HAIR CARE,Unilever,Dove,,Dove,
KSA,HAIR CARE,Unilever,Indulekha,,OTHERS,
KSA,HAIR CARE,Unilever,Love Beauty And Planet,,Love Beauty And Planet,
KSA,HAIR CARE,Unilever,Simple,,OTHERS,
KSA,HAIR CARE,Unilever,St. Ives,,OTHERS,
KSA,HAIR CARE,Unilever,Suave,,OTHERS,
KSA,HAIR CARE,Unilever,Sunsilk,,Sunsilk,
KSA,HAIR CARE,Unilever,Timotei,,OTHERS,
KSA,HAIR CARE,Unilever,Tresemme,,Tresemme,
KSA,HAIR CARE,Unilever,Vaseline,,Vaseline,
KSA,HAIR CARE,Unilever,Axe,,OTHERS,
KSA,HAIR CARE,Unilever,Bed Head Tigi,,OTHERS,
KSA,HAIR CARE,Unilever,Clinic Plus+,,OTHERS,
KSA,HAIR CARE,Unilever,Lifebuoy,,OTHERS,
KSA,HAIR CARE,Unilever,Organics,,OTHERS,
KSA,TOTAL FABRIC SOLUTIONS,Unilever,Rin,,OTHERS,
KSA,TOTAL FABRIC SOLUTIONS,Unilever,Sunlight,,OTHERS,
KSA,TOTAL FABRIC SOLUTIONS,Unilever,Persil,,OTHERS,
KSA,TOTAL FABRIC SOLUTIONS,Unilever,Surf,,OTHERS,
KSA,TOTAL FABRIC SOLUTIONS,Unilever,Coral,,OTHERS,
KSA,TOTAL FABRIC SOLUTIONS,Unilever,Omo,,Omo,
Egypt,TOTAL DETERGENTS,Unilever,Sunlight,,Sunlight,
Egypt,TOTAL DETERGENTS,Unilever,Persil,,OTHERS,
UAE,TOTAL FABRIC SOLUTIONS,Unilever,Persil,,OTHERS,
UAE,TOTAL FABRIC SOLUTIONS,Unilever,Surf,,OTHERS,
UAE,TOTAL FABRIC SOLUTIONS,Unilever,Coral,,OTHERS,
UAE,TOTAL FABRIC SOLUTIONS,Unilever,Omo,,Omo,
UAE,TOTAL FABRIC SOLUTIONS,Unilever,Seventh Generation,,OTHERS,
UAE,TOTAL FABRIC SOLUTIONS,Unilever,Wisk,,OTHERS,
UAE,TOTAL FABRIC SOLUTIONS,Unilever,Rin,,OTHERS,
UAE,TOOTHPASTE & MOUTHWASH,Unilever,Close Up,,Close Up,
UAE,TOOTHPASTE & MOUTHWASH,Unilever,Equilibra,,OTHERS,
UAE,TOOTHPASTE & MOUTHWASH,Unilever,Mentadent,,OTHERS,
UAE,TOOTHPASTE & MOUTHWASH,Unilever,Pepsodent,,OTHERS,
UAE,TOOTHPASTE & MOUTHWASH,Unilever,Regenerate,,OTHERS,
UAE,TOOTHPASTE & MOUTHWASH,Unilever,Signal,,Signal,
UAE,TOOTHPASTE & MOUTHWASH,Unilever,Zendium,,OTHERS,
UAE,TOOTHPASTE & MOUTHWASH,Unilever,Love Beauty And Planet,,OTHERS,
UAE,TOOTHPASTE & MOUTHWASH,Unilever,Fluocaril,,OTHERS,
UAE,TOOTHPASTE & MOUTHWASH,Unilever,Parogencyl,,OTHERS,
KSA,TOOTHPASTE&MOUTHWASHES,Unilever,Close Up,,Close Up,
KSA,TOOTHPASTE&MOUTHWASHES,Unilever,Pepsodent,,OTHERS,
KSA,TOOTHPASTE&MOUTHWASHES,Unilever,Signal,,Signal,
KSA,TOOTHPASTE&MOUTHWASHES,Unilever,Regenerate,,OTHERS,
KSA,TOOTHPASTE&MOUTHWASHES,Unilever,Zendium,,OTHERS,
KSA,TOOTHPASTE&MOUTHWASHES,Unilever,Love Beauty And Planet,,OTHERS,
Morocco,TOOTHPASTE,Unilever,Close Up,,Close Up,
Morocco,TOOTHPASTE,Unilever,Fluocaril,,OTHERS,
Morocco,TOOTHPASTE,Unilever,Parogencyl,,OTHERS,
Morocco,TOOTHPASTE,Unilever,Pepsodent,,OTHERS,
Morocco,TOOTHPASTE,Unilever,Signal,,Signal,
Lebanon,TOILET SOAP,Unilever,Lifebuoy,,Lifebuoy,
Lebanon,TOILET SOAP,Unilever,Dove,,Dove,
Lebanon,TOILET SOAP,Unilever,Lux,,Lux,
Lebanon,TOILET SOAP,Unilever,Monsavon,,OTHERS,
Lebanon,TOILET SOAP,Unilever,Pears,,Pears,
Lebanon,TOILET SOAP,Unilever,Radox,,OTHERS,
Lebanon,TOILET SOAP,Unilever,Seventh Generation,,OTHERS,
Lebanon,TOILET SOAP,Unilever,Vaseline,,OTHERS,
Lebanon,TOILET SOAP,Unilever,Zwitsal,,OTHERS,
Lebanon,TOILET SOAP,Unilever,Alberto Vo5,,OTHERS,
Lebanon,TOILET SOAP,Unilever,Axe,,Axe,
Lebanon,TOILET SOAP,Unilever,Badedas,,OTHERS,
Lebanon,TOILET SOAP,Unilever,Brylcreem,,OTHERS,
Lebanon,TOILET SOAP,Unilever,Camay,,Camay,
Lebanon,TOILET SOAP,Unilever,Caress,,OTHERS,
Lebanon,TOILET SOAP,Unilever,Dusch Das,,OTHERS,
Lebanon,TOILET SOAP,Unilever,Natural,,OTHERS,
Lebanon,TOILET SOAP,Unilever,St.ives,,OTHERS,
Lebanon,TOILET SOAP,Unilever,Suave,,OTHERS,
Lebanon,TOILET SOAP,Unilever,Williams,,OTHERS,
Lebanon,TOILET SOAP,Unilever,Lever,,OTHERS,
Lebanon,TOILET SOAP,Unilever,Simple,,OTHERS,
Lebanon,SHAMPOO,Unilever,Alberto Vo5,,OTHERS,
Lebanon,SHAMPOO,Unilever,Axe,,OTHERS,
Lebanon,SHAMPOO,Unilever,Baby Dove,,OTHERS,
Lebanon,SHAMPOO,Unilever,Badedas,,OTHERS,
Lebanon,SHAMPOO,Unilever,Clear,,Clear,
Lebanon,SHAMPOO,Unilever,Dove,,Dove,
Lebanon,SHAMPOO,Unilever,Lifebuoy,,OTHERS,
Lebanon,SHAMPOO,Unilever,Motions,,OTHERS,
Lebanon,SHAMPOO,Unilever,Nexxus,,OTHERS,
Lebanon,SHAMPOO,Unilever,Suave,,OTHERS,
Lebanon,SHAMPOO,Unilever,Suave Essentials,,OTHERS,
Lebanon,SHAMPOO,Unilever,Suave Kids,,OTHERS,
Lebanon,SHAMPOO,Unilever,Suave Naturals,,OTHERS,
Lebanon,SHAMPOO,Unilever,Suave Professionals,,OTHERS,
Lebanon,SHAMPOO,Unilever,Sunsilk,,Sunsilk,
Lebanon,SHAMPOO,Unilever,Timotei,,OTHERS,
Lebanon,SHAMPOO,Unilever,Tresemme,,Tresemme,
Lebanon,SHAMPOO,Unilever,Ultrex,,OTHERS,
Lebanon,SHAMPOO,Unilever,Vaseline,,OTHERS,
Jordan,Any Toilet SpSh.Gels,Unilever,Camay,,Camay,
Jordan,Any Toilet SpSh.Gels,Unilever,Caress,,OTHERS,
Jordan,Any Toilet SpSh.Gels,Unilever,Dove,,Dove,
Jordan,Any Toilet SpSh.Gels,Unilever,Fair&lovely,,OTHERS,
Jordan,Any Toilet SpSh.Gels,Unilever,Lever 2000,,OTHERS,
Jordan,Any Toilet SpSh.Gels,Unilever,Lifebuoy,,Lifebuoy,
Jordan,Any Toilet SpSh.Gels,Unilever,Lux,,Lux,
Jordan,Any Toilet SpSh.Gels,Unilever,Pears,,Pears,
Jordan,Any Toilet SpSh.Gels,Unilever,Rexona,,OTHERS,
Jordan,Any Toilet SpSh.Gels,Unilever,Vaseline,,OTHERS,
Jordan,Any Toilet SpSh.Gels,Unilever,Zest,,OTHERS,
Jordan,Any Toilet SpSh.Gels,Unilever,Axe,,Axe,
Jordan,Any Toilet SpSh.Gels,Unilever,Brut,,OTHERS,
Jordan,Any Toilet SpSh.Gels,Unilever,Lynx,,OTHERS,
Jordan,Any Toilet SpSh.Gels,Unilever,Radox,,OTHERS,
Jordan,Any Toilet SpSh.Gels,Unilever,St.ives,,OTHERS,
Jordan,Any Toilet SpSh.Gels,Unilever,Suave,,OTHERS,
Jordan,Any Shampoo,Unilever,Alberto Balsam,,OTHERS,
Jordan,Any Shampoo,Unilever,Alberto Vo5,,OTHERS,
Jordan,Any Shampoo,Unilever,Axe,,OTHERS,
Jordan,Any Shampoo,Unilever,Clear,,Clear,
Jordan,Any Shampoo,Unilever,Dove,,Dove,
Jordan,Any Shampoo,Unilever,Lifebuoy,,OTHERS,
Jordan,Any Shampoo,Unilever,Lynx,,OTHERS,
Jordan,Any Shampoo,Unilever,Suave,,OTHERS,
Jordan,Any Shampoo,Unilever,Suave Kids,,OTHERS,
Jordan,Any Shampoo,Unilever,Suave Men,,OTHERS,
Jordan,Any Shampoo,Unilever,Suave Professionals,,OTHERS,
Jordan,Any Shampoo,Unilever,Sunsilk,,Sunsilk,
Jordan,Any Shampoo,Unilever,Timotei,,OTHERS,
Jordan,Any Shampoo,Unilever,Tresemme,,Tresemme,
Lebanon,TOOTHPASTE,Unilever,Close Up,,Close Up,
Lebanon,TOOTHPASTE,Unilever,Equilibra,,OTHERS,
Lebanon,TOOTHPASTE,Unilever,Fluocaril,,OTHERS,
Lebanon,TOOTHPASTE,Unilever,Good Morning,,OTHERS,
Lebanon,TOOTHPASTE,Unilever,Mentadent,,OTHERS,
Lebanon,TOOTHPASTE,Unilever,Parogencyl,,OTHERS,
Lebanon,TOOTHPASTE,Unilever,Pepsodent,,OTHERS,
Lebanon,TOOTHPASTE,Unilever,Signal,,Signal,
Lebanon,TOOTHPASTE,Unilever,Zendium,,OTHERS,
Lebanon,TOOTHPASTE,Unilever,Zwitsal,,OTHERS,
Lebanon,DEODORANT,Unilever,Axe,,Axe,
Lebanon,DEODORANT,Unilever,Brut,,OTHERS,
Lebanon,DEODORANT,Unilever,Camay,,OTHERS,
Lebanon,DEODORANT,Unilever,Degree,,OTHERS,
Lebanon,DEODORANT,Unilever,Dove,,Dove,
Lebanon,DEODORANT,Unilever,Lynx,,OTHERS,
Lebanon,DEODORANT,Unilever,Mon Savon,,OTHERS,
Lebanon,DEODORANT,Unilever,Monsavon,,OTHERS,
Lebanon,DEODORANT,Unilever,Rexona,,Rexona,
Lebanon,DEODORANT,Unilever,Suave,,OTHERS,
Lebanon,DEODORANT,Unilever,Sure,,OTHERS,
Lebanon,DEODORANT,Unilever,Vaseline,,OTHERS,
Lebanon,DEODORANT,Unilever,Williams,,OTHERS,
KSA,FACE CARE,Unilever,Dove,,Dove,
KSA,FACE CARE,Unilever,Eskinol,,OTHERS,
KSA,FACE CARE,Unilever,Fair & Lovely,,Fair & Lovely,
KSA,FACE CARE,Unilever,Indulekha,,OTHERS,
KSA,FACE CARE,Unilever,Lakme,,OTHERS,
KSA,FACE CARE,Unilever,Love Beauty And Planet,,Love Beauty And Planet,
KSA,FACE CARE,Unilever,Pears,,OTHERS,
KSA,FACE CARE,Unilever,Ponds,,Ponds,
KSA,FACE CARE,Unilever,Simple,,OTHERS,
KSA,FACE CARE,Unilever,St.ives,,St.ives,
KSA,FACE CARE,Unilever,Vaseline,,OTHERS,
KSA,TEA,Unilever,Brook Bond Red Label,,Brook Bond Red Label,
KSA,TEA,Unilever,Brook Bond Taj Mahal,,OTHERS,
KSA,TEA,Unilever,Lipton,,Lipton,
KSA,TEA,Unilever,Pg Tips,,OTHERS,
